{
  "baseline": {
    "total_kw": 478.0,
    "ch_kw": 334.6,
    "chwp_kw": 38.2,
    "cwp_kw": 33.5,
    "ct_kw": 23.9,
    "cost_daily": 22084.0,
    "chws_temp": 7.01,
    "cws_temp": 28.0,
    "chwp_hz": 50.0,
    "ct_hz": 42.0
  },
  "best_solution": {
    "energy_cost": 501.6138000488281,
    "setpoints": {
      "chw_supply_temp": 6.274408416879121,
      "chwp_freq": 49.85059998515039,
      "ct_freq": 46.04021767728866,
      "cw_supply_temp": 29.992380478280737
    },
    "comfort_penalty": 3.3797863665908467,
    "total_score": 1182.5928894658073,
    "q_demand_pred": 356.7230584212216,
    "q_required_min": 374.5592113422827,
    "q_capability": 380.1359119906484,
    "feasible": true
  },
  "recommendations": [
    "Optimization result satisfies the cooling-capability safety constraint.",
    "Q-demand P90 = 356.7 kW, required minimum with margin = 374.6 kW.",
    "Estimated Q capability at the recommended setpoints = 380.1 kW."
  ],
  "feasible_trials": 14,
  "total_trials": 40
}