{
  "baseline": {
    "total_kw": 478.0,
    "ch_kw": 334.6,
    "chwp_kw": 38.2,
    "cwp_kw": 33.5,
    "ct_kw": 23.9,
    "cost_daily": 22084.0,
    "chws_temp": 7.01,
    "cws_temp": 28.0,
    "chwp_hz": 50.0,
    "ct_hz": 42.0
  },
  "best_solution": {
    "energy_cost": 501.6393127441406,
    "setpoints": {
      "chw_supply_temp": 6.2907469257406285,
      "chwp_freq": 49.992967720283374,
      "ct_freq": 45.00690654518441,
      "cw_supply_temp": 27.79647361066188
    },
    "comfort_penalty": 2.7541080315278847,
    "total_score": 914.5312556569834,
    "q_demand_pred": 356.75919707154895,
    "q_required_min": 374.5971569251264,
    "q_capability": 379.01498425561374,
    "feasible": true
  },
  "recommendations": [
    "Optimization result satisfies the cooling-capability safety constraint.",
    "Q-demand P90 = 356.8 kW, required minimum with margin = 374.6 kW.",
    "Estimated Q capability at the recommended setpoints = 379.0 kW."
  ],
  "feasible_trials": 15,
  "total_trials": 40
}