{
  "ch_kw": 84.4001693725586,
  "chw_delta_t": 21.669954299926758,
  "target_lag_1": 12.589738845825195,
  "chw_return_temp": 2.765615940093994,
  "cw_supply_temp": 1.5617613792419434,
  "ct_kw": 1.2726731300354004,
  "target_roll_mean_12": 1.2678712606430054,
  "target_lag_2": 0.6429654359817505,
  "outdoor_temp": 0.4965848922729492,
  "chwp_kw": 0.4886705279350281,
  "target_lag_4": 0.4550223648548126,
  "cw_return_temp": 0.38901033997535706,
  "target_roll_mean_4": 0.3203714191913605,
  "cwp_kw": 0.2775924503803253,
  "chw_supply_temp": 0.2597876191139221,
  "cw_delta_t": 0.2527037262916565,
  "temp_x_rh": 0.1936410814523697,
  "dow_cos": 0.1561034619808197,
  "target_roll_std_4": 0.11838196963071823,
  "wet_bulb": 0.08353135734796524
}